architecture,objective,seed,updates,selected_step,run_id,baseline_reward,selected_reward,paired_delta,ci95_low,ci95_high,wall_seconds,peak_gpu_gb,seen_residues,audit_broad,audit_gram_positive,audit_gram_negative,audit_mdr,audit_selectivity,audit_joint,audit_raw_ania_ecoli,audit_raw_ania_paeruginosa,audit_raw_ania_saureus,audit_raw_hemopi2_hc50_um,audit_unique_fraction,audit_mean_length,audit_repeat3
vq,broad,42,20,15,3f00f7af9f7145f3b903a8e9c2f8b3af,0.4701639811197917,0.4960123697916667,0.025848388671874997,0.0001284281412760369,0.053803507486979145,389.3638007170521,0.206662144,6869,0.4960123697916667,0.48626708984375,0.500885009765625,0.3155517578125,0.5102742513020833,0.461798095703125,1.4062953125000002,1.3244265625,1.532134375,94.3254375,1.0,20.9375,0.0046268066172957464
vq,gram_positive,42,20,10,e566aa9919584481b04a8875bfc79cb4,0.46929931640625,0.4686279296875,-0.00067138671875,-0.04078369140625,0.03326416015625,391.952278485056,0.246886912,6869,0.48020426432291663,0.4686279296875,0.485992431640625,0.30511474609375,0.49373372395833337,0.446734619140625,1.4089203125,1.393834375,1.5723812499999998,91.68273437500001,1.0,20.9375,0.0061459038395179685
vq,gram_negative,42,20,20,5a806c57b8d24390b0d67c165efd05e1,0.4705963134765625,0.4837493896484375,0.013153076171875,-0.017655563354492188,0.04681701660156248,391.14697115682065,0.28711168,6869,0.483612060546875,0.48333740234375,0.4837493896484375,0.3109130859375,0.5002899169921875,0.45238037109374996,1.4286125,1.3726375,1.5401640625000002,92.24590625,1.0,20.9375,0.004807095078834209
vq,mdr,42,20,15,a215f9273da545a78444e0183b9be176,0.312835693359375,0.3289794921875,0.016143798828125,-0.016785430908203124,0.05176010131835936,389.65212137484923,0.289083904,6869,0.492919921875,0.48211669921875,0.498321533203125,0.3289794921875,0.511627197265625,0.46279296875,1.4128484375,1.3441546875000001,1.5383328125000002,95.644640625,1.0,20.9375,0.0052778482839624125
vq,selectivity,42,20,10,57dc59186d4547c18bf58391cc2c8a08,0.49582417805989587,0.4969024658203125,0.0010782877604166618,-0.02026138305664063,0.021634165445963523,389.60937400814146,0.246886912,6869,0.470428466796875,0.473785400390625,0.46875,0.30340576171875,0.4969024658203125,0.44265441894531254,1.3990890625,1.4493328125,1.5564703125000001,94.026109375,1.0,20.9375,0.0046268066172957464
vq,joint,42,20,15,020a088252984ceaa7dbce74823b9ae7,0.443743896484375,0.46209716796875,0.018353271484375003,-0.010541381835937502,0.04713821411132812,388.72901446698233,0.28711168,6869,0.49451700846354163,0.4874267578125,0.4980621337890625,0.321044921875,0.5094350179036459,0.46209716796875,1.4195171874999999,1.3191718749999999,1.5281984375,94.496359375,1.0,20.9375,0.004025845078834208
dima,broad,42,20,5,ed81c55dd16147dc941c5e385171d359,0.47176106770833337,0.4789632161458333,0.007202148437500006,-0.006337483723958328,0.022405497233072894,445.39481093129143,0.75042048,6869,0.4789632161458333,0.496307373046875,0.4702911376953125,0.30816650390625,0.46457926432291663,0.4436614990234375,1.4738796875,1.4278062500000002,1.5089031250000002,80.51996875,1.0,20.9375,0.005478627873563216
dima,gram_positive,42,20,20,28bf3eeb7e294f919e074304d72cc78c,0.489410400390625,0.51177978515625,0.022369384765625,-0.011994171142578124,0.059238433837890604,445.9299010806717,0.903661056,6869,0.4896443684895833,0.51177978515625,0.47857666015625,0.31597900390625,0.46891276041666663,0.452978515625,1.40670625,1.4600296875,1.4664875,79.91190625,1.0,20.9375,0.007424598569533912
dima,gram_negative,42,20,20,b944c0bd4708452cb5fe9abe6ecc4d87,0.4629364013671875,0.4722137451171875,0.00927734375,-0.019089126586914064,0.03981094360351562,446.4227113267407,0.898909696,6869,0.49138387044270837,0.52972412109375,0.4722137451171875,0.31982421875,0.4742685953776042,0.45748291015625,1.4511609375,1.4317109375000001,1.4278109375,81.669765625,1.0,20.9375,0.006222675492610836
dima,mdr,42,20,10,92a8777781f341789719eb2e5ced0665,0.2999267578125,0.308990478515625,0.009063720703125,-0.022196197509765623,0.039703369140625,446.44104222301394,1.061161472,6869,0.48634847005208337,0.51434326171875,0.47235107421875,0.308990478515625,0.4691263834635417,0.45023193359375,1.4547515625,1.4371156250000001,1.4627625000000002,80.45376562499999,1.0,20.9375,0.006823637031072374
dima,selectivity,42,20,10,cf72ccca03ed49609b7884f94cd501cc,0.4652506510416667,0.4681752522786458,0.0029246012369791657,-0.006277592976888022,0.012136332194010417,446.456485894043,0.75320576,6869,0.46912638346354163,0.492584228515625,0.4573974609375,0.290863037109375,0.4681752522786458,0.43562927246093747,1.458146875,1.4758859375,1.5187187500000001,83.51815625,1.0,20.9375,0.007905888113323455
dima,joint,42,20,10,dfd5e1512d9449f7a6dac40fe59c918b,0.4378570556640625,0.448052978515625,0.010195922851562499,-0.009454498291015627,0.03127426147460936,446.53109176037833,0.904070656,6869,0.484710693359375,0.5115966796875,0.4712677001953125,0.30291748046875,0.4697723388671875,0.448052978515625,1.4618328125,1.4267375000000002,1.4709671874999999,81.133390625,1.0,20.9375,0.006823637031072374
vq,broad,43,20,0,4686a0f13cde4c0380e6e36a811a5e3c,0.5023295084635417,0.5023295084635417,0.0,0.0,0.0,392.532939047087,0.53084672,7008,0.5023295084635417,0.472381591796875,0.517303466796875,0.33953857421875,0.5190785725911458,0.47012634277343746,1.37296875,1.3027609375000002,1.560634375,94.4620625,1.0,21.609375,0.00247974537037037
vq,gram_positive,43,20,15,d44a9367d6f34bbd9f1d303604191419,0.472381591796875,0.47161865234375,-0.000762939453125,-0.03341751098632813,0.033355712890625,392.2735138111748,0.571071488,7008,0.5201009114583333,0.47161865234375,0.544342041015625,0.35595703125,0.5153299967447917,0.4814697265625,1.3033156249999998,1.2787015625000002,1.5618796874999998,89.06490625,1.0,21.609375,0.00247974537037037
vq,gram_negative,43,20,0,7fb558058eb448b492b32927f811655a,0.517303466796875,0.517303466796875,0.0,0.0,0.0,391.89542278880253,0.2206464,7008,0.5023295084635417,0.472381591796875,0.517303466796875,0.33953857421875,0.5190785725911458,0.47012634277343746,1.37296875,1.3027609375000002,1.560634375,94.4620625,1.0,21.609375,0.00247974537037037
vq,mdr,43,20,0,021df0c9d6de40b19b61c18384b92ee7,0.33953857421875,0.33953857421875,0.0,0.0,0.0,392.8398621841334,0.260871168,7008,0.5023295084635417,0.472381591796875,0.517303466796875,0.33953857421875,0.5190785725911458,0.47012634277343746,1.37296875,1.3027609375000002,1.560634375,94.4620625,1.0,21.609375,0.00247974537037037
vq,selectivity,43,20,15,ae53b5c1be9d48d0b8f0bc8b0603212e,0.5190785725911458,0.519775390625,0.0006968180338541726,-0.017746734619140617,0.017039744059244785,393.4366920380853,0.301095936,7008,0.50152587890625,0.44952392578125,0.52752685546875,0.339202880859375,0.519775390625,0.467510986328125,1.27885,1.3008625,1.607059375,95.16171874999999,1.0,21.609375,0.0012297453703703706
vq,joint,43,20,0,61f0c1783d54425ba39412be7e50a87b,0.47012634277343746,0.47012634277343746,0.0,0.0,0.0,392.2845135270618,0.341320704,7008,0.5023295084635417,0.472381591796875,0.517303466796875,0.33953857421875,0.5190785725911458,0.47012634277343746,1.37296875,1.3027609375000002,1.560634375,94.4620625,1.0,21.609375,0.00247974537037037
dima,broad,43,20,15,47588a0bf2ec4a16bc349f2a0cdb4b38,0.5327657063802083,0.5273946126302083,-0.005371093750000006,-0.022207641601562505,0.011891937255859365,450.6582263489254,0.95261184,7008,0.5273946126302083,0.554107666015625,0.5140380859375,0.34320068359375,0.5313059488932292,0.4940093994140625,1.354328125,1.3354062500000001,1.365728125,99.91342187500001,1.0,21.609375,0.0029658564814814825
dima,gram_positive,43,20,5,04e194c4bc0f48b9a304ad84293adb8c,0.57208251953125,0.555419921875,-0.01666259765625,-0.042120361328125,0.0034896850585936917,449.421018616762,0.792368128,7008,0.5293986002604167,0.555419921875,0.516387939453125,0.33978271484375,0.5326436360677083,0.4947265625,1.3392546875,1.3232484375,1.36173125,99.288421875,1.0,21.609375,0.002387152777777778
dima,gram_negative,43,20,5,550baaabeef247fbb8908e8a56a19b84,0.5131072998046875,0.5170440673828125,0.003936767578125,-0.017791748046875,0.02502517700195312,454.5989675759338,0.791712768,7008,0.5326639811197916,0.56390380859375,0.5170440673828125,0.34375,0.5318349202473958,0.49783935546875,1.330665625,1.3527640625,1.3440703125,97.93731249999999,1.0,21.609375,0.0029658564814814825
dima,mdr,43,20,5,d950a4def2114d2e9f65a7ce9ecb6524,0.35101318359375,0.341552734375,-0.00946044921875,-0.03533935546875,0.011970520019531208,448.56947442609817,0.954947584,7008,0.5249430338541667,0.55853271484375,0.508148193359375,0.341552734375,0.5301106770833334,0.49265747070312504,1.351809375,1.3622437499999998,1.353271875,98.886796875,1.0,21.609375,0.002387152777777778
dima,selectivity,43,20,20,11ee19d957e74c278b776bd622d4838e,0.5291697184244792,0.5278574625651042,-0.0013122558593750017,-0.015270868937174475,0.010259119669596353,448.9133737310767,0.791712768,7008,0.5227559407552083,0.549072265625,0.5095977783203125,0.343719482421875,0.5278574625651042,0.4906005859375,1.3422234375,1.3553046874999999,1.3778374999999998,98.417859375,1.0,21.609375,0.002387152777777778
dima,joint,43,20,20,ca5254ba50c74826a7b0959c9ff4bb58,0.49962768554687503,0.49524230957031257,-0.004385375976562495,-0.02013572692871093,0.011733245849609365,450.5190126467496,0.954947584,7008,0.5287577311197916,0.546661376953125,0.519805908203125,0.34954833984375,0.5314381917317708,0.49524230957031257,1.337875,1.3125468749999998,1.3810046875,99.24790625,1.0,21.609375,0.0029658564814814825
